[{
        "question": "What is compound interest?",
        "options": [
            "Interest paid only on the principal amount",
            "Interest paid on both principal and accumulated interest",
            "Interest paid monthly",
            "Interest paid annually"
        ],
        "correct": 1,
        "explanation": "Compound interest is interest calculated on the initial principal and also on the accumulated interest from previous periods."
    },
    {
        "question": "What is a budget?",
        "options": [
            "A plan for spending money",
            "A type of bank account",
            "A credit card",
            "A loan"
        ],
        "correct": 0,
        "explanation": "A budget is a financial plan that outlines expected income and expenses over a period of time."
    },
    {
        "question": "What does ROI stand for?",
        "options": [
            "Return on Investment",
            "Rate of Interest",
            "Revenue on Income",
            "Risk of Investment"
        ],
        "correct": 0,
        "explanation": "ROI stands for Return on Investment, which measures the profitability of an investment."
    },
    {
        "question": "What is diversification in investing?",
        "options": [
            "Putting all money in one stock",
            "Spreading investments across different assets",
            "Investing only in bonds",
            "Selling all investments at once"
        ],
        "correct": 1,
        "explanation": "Diversification means spreading investments across different asset classes to reduce risk."
    },
    {
        "question": "What is inflation?",
        "options": [
            "Increase in prices over time",
            "Decrease in prices over time",
            "Stable prices",
            "Interest rate"
        ],
        "correct": 0,
        "explanation": "Inflation is the rate at which the general level of prices for goods and services rises."
    }
]